"Refs","Value","Footprint","Qty","DNP"
"C1, C2, C5, C6, C40","10uF","Capacitor_SMD:C_0805_2012Metric,Capacitor_Tantalum_SMD:CP_EIA-3216-10_Kemet-I","5",""
"C3, C4, C8-C19, C35, C36, C39","1uF","Capacitor_SMD:C_0805_2012Metric","17",""
"C7, C30","22uF","Capacitor_SMD:C_0805_2012Metric,Capacitor_Tantalum_SMD:CP_EIA-3216-10_Kemet-I","2",""
"C20-C28","47uF","Capacitor_Tantalum_SMD:CP_EIA-3216-10_Kemet-I","9",""
"C29, C34","0.1uF","Capacitor_SMD:C_0805_2012Metric","2",""
"C33","1uF nc","Capacitor_SMD:C_0805_2012Metric","1",""
"C37, C38","220pF","Capacitor_SMD:C_0805_2012Metric","2",""
"D1-D144","LED","starman:LED_Osram_Lx_P47F_D2mm_ReverseMount","144",""
"D145","WS2812B nc","LED_SMD:LED_WS2812B_PLCC4_5.0x5.0mm_P3.2mm","1",""
"FB1, FB2","FerriteBead","Capacitor_SMD:C_0805_2012Metric","2",""
"J1-J3","M20-8771246","Connector_PinHeader_2.54mm:PinHeader_1x06_P2.54mm_Vertical_SMD_Pin1Right,Connector_PinHeader_2.54mm:PinHeader_1x12_P2.54mm_Vertical_SMD_Pin1Right","3",""
"J4","ESW-106-44-T-S","Connector_PinSocket_2.54mm:PinSocket_1x06_P2.54mm_Vertical","1",""
"J5","PH2-06-UA","Connector_PinHeader_2.54mm:PinHeader_2x03_P2.54mm_Vertical","1",""
"J6, J8","ESW-112-44-T-S","Connector_PinSocket_2.54mm:PinSocket_1x12_P2.54mm_Vertical","2",""
"J7, J9","Conn_01x10","Connector_PinHeader_2.54mm:PinHeader_1x10_P2.54mm_Vertical","2",""
"J10","PJ-063AH","Connector_BarrelJack:BarrelJack_CUI_PJ-063AH_Horizontal","1",""
"J11, J12","Conn_02x01","Connector_PinHeader_2.54mm:PinHeader_1x02_P2.54mm_Vertical","2",""
"LS1","SMS-1508MS-HT-R","starman:SPKR_SMS-1508MS-HT-R","1",""
"R1, R2","10k","Resistor_SMD:R_0805_2012Metric","2",""
"R3, R17-R19","500k","Resistor_SMD:R_1206_3216Metric","4",""
"R4-R7","75","Resistor_SMD:R_0805_2012Metric","4",""
"R8-R16","11k","Resistor_SMD:R_0805_2012Metric","9",""
"R20","750","Resistor_SMD:R_1206_3216Metric","1",""
"R21","250","Resistor_SMD:R_1206_3216Metric","1",""
"R24, R25","100","Resistor_SMD:R_0805_2012Metric","2",""
"R26","1k","Resistor_SMD:R_0805_2012Metric","1",""
"RV1","20k","Potentiometer_THT:Potentiometer_Bourns_3339P_Vertical","1",""
"SW1, SW2","PTS810 SJM 250 SMTR LFS","Button_Switch_SMD:SW_SPST_PTS810","2",""
"U1","ESP32-S3-MINI-1","Espressif:ESP32-S3-MINI-1","1",""
"U2-U10","LED1642GWTTR","Package_SO:TSSOP-24_4.4x7.8mm_P0.65mm","9",""
"U11","AZ1084CS2-ADJ","Package_TO_SOT_SMD:TO-263-2","1",""
"U12","BA33BC0FP-E2","Package_TO_SOT_SMD:TO-252-2","1",""
"U13","PAM8302AAS","Package_SO:SOP-8_3.9x4.9mm_P1.27mm","1",""
"X1-X3","ECS-2333-300","Oscillator:Oscillator_SMD_ECS_2520MV-xxx-xx-4Pin_2.5x2.0mm","3",""
